Region,Emotion
11,0.5
24,0.6666666666666666
27,1.0
28,0.0
32,0.6666666666666666
44,0.0
52,0.6666666666666666
53,0.5
75,0.0
76,0.29166666666666663
84,1.0
94,0.0
93,1.0
