Region,Emotion
Paris,0.5
Yvelines,0.8333333333333333
Somme,0.3333333333333333
